gate,set,dir,run_id,gap_us,packets,missing,loss_pct,crc_good,crc_bad,rssi_dbm,queue_depth,max_queue_depth,scheduler_misses,irq_to_spi_us_p99,spi_duration_us_p99,rx_processing_us_p99,spi_end_to_rearm_start_us_p99,rx_rearm_us_p99,irq_to_rx_ready_us_p99,afh_fp_match,afh_agree,afh_disagree,afh_timeouts,afh_resync,afh_rx_retune_p99,afh_tx_retune_p99,polls
A,gate-A,A-gap-1000us-1000,A-gap-1000us-1000,1000,1227,0,0.0,1227,0,-41,0,1,0,5,1249,1250,137,417,1793,,,,,,,,2
A,gate-A,A-gap-150us-10000,A-gap-150us-10000,150,10345,5,0.0483,10340,1,-40,0,1,0,6,1244,1246,137,422,1794,,,,,,,,2
A,gate-A,A-gap-150us-10000-run1,A-gap-150us-10000,150,10346,4,0.0387,10342,1,-39,0,1,0,6,1245,1247,137,420,1794,,,,,,,,2
A,gate-A,A-gap-300us-10000,A-gap-300us-10000,300,10334,2,0.0194,10332,0,-41,0,1,0,5,1250,1251,138,417,1795,,,,,,,,2
A,gate-A,A-gap-5000us-100,A-gap-5000us-100,5000,239,0,0.0,239,0,-41,0,1,0,12,1245,1247,137,420,1791,,,,,,,,2
A,gate-A,A-gap-5000us-100-session1,A-gap-5000us-100,5000,241,0,0.0,241,0,-45,0,1,0,13,1244,1246,137,422,1793,,,,,,,,2
A,gate-A,A-gap-5000us-1000,A-gap-5000us-1000,5000,1112,1,0.0899,1111,2,-41,0,1,0,12,1246,1248,137,421,1794,,,,,,,,2
A,gate-A,A-gap-5000us-1000-session1,A-gap-5000us-1000,5000,1102,0,0.0,1102,0,-44,0,1,0,6,1246,1247,137,421,1792,,,,,,,,2
B,gate-B,B-gap-1000us-1000,B-gap-1000us-1000,1000,1203,4,0.3325,1199,2,-38,0,1,0,12,1245,1247,240,421,1892,True,1217,0,2,0,75,74,1
B,gate-B,B-gap-1000us-1000-pre,B-gap-1000us-1000,1000,1242,6,0.4831,1236,2,-40,0,1,0,10,1255,1257,245,423,1909,True,1254,0,5,0,71,74,2
B,gate-B,B-gap-150us-10000-i10,B-gap-150us-10000,150,10380,33,0.3179,10347,9,-53,0,1,0,12,1245,1247,240,421,1892,True,10370,0,14,0,73,72,2
B,gate-B,B-gap-150us-10000-i2,B-gap-150us-10000,150,10376,45,0.4337,10331,12,-54,0,1,0,6,1244,1246,238,421,1903,True,10354,0,23,0,68,72,2
B,gate-B,B-gap-150us-10000-i4,B-gap-150us-10000,150,10373,96,0.9255,10277,13,-40,0,1,0,6,1247,1249,245,420,1902,True,10301,0,31,0,74,72,2
B,gate-B,B-gap-150us-10000-i7,B-gap-150us-10000,150,10408,10154,97.5596,254,4,-40,0,1,0,12,1294,1295,329,417,2045,True,254,0,0,0,71,72,2
B,gate-B,B-gap-150us-10000-i8,B-gap-150us-10000,150,10418,8978,86.1778,1440,6,-40,0,1,0,6,1239,1240,231,413,1882,True,1486,0,5,0,66,64,2
B,gate-B,B-gap-150us-10000-i9,B-gap-150us-10000,150,10353,48,0.4636,10305,13,-47,0,1,0,10,1247,1249,234,420,1891,True,10330,0,25,0,73,72,2
B,gate-B,B-gap-150us-10000-run1,B-gap-150us-10000,150,10373,65,0.6266,10308,16,-40,0,1,0,6,1252,1253,244,416,1904,True,10334,0,39,0,66,66,2
B,gate-B,B-gap-150us-10000-run2,B-gap-150us-10000,150,10376,30,0.2891,10346,4,-53,0,1,0,6,1249,1250,237,422,1904,True,10370,0,16,0,69,67,2
B,gate-B,B-gap-150us-10000-run3,B-gap-150us-10000,150,10373,32,0.3085,10341,8,-37,0,1,0,6,1253,1255,244,422,1910,True,10364,0,14,0,71,72,2
B,gate-B,B-gap-300us-10000,B-gap-300us-10000,300,10332,27,0.2613,10305,9,-42,0,1,0,9,1256,1258,244,416,1907,True,10327,0,19,0,71,67,2
B,gate-B,B-gap-5000us-100,B-gap-5000us-100,5000,316,1,0.3165,315,0,-46,0,1,0,6,1244,1246,244,421,1904,True,324,0,1,0,75,73,2
B,gate-B,B-gap-5000us-100-diag1,B-gap-5000us-100,5000,306,5,1.634,301,1,-38,0,1,0,6,1271,1273,251,421,1943,True,310,0,4,0,72,72,2
B,gate-B,B-gap-5000us-100-diag2,B-gap-5000us-100,5000,313,1,0.3195,312,0,-53,0,1,0,11,1244,1246,240,420,1895,True,321,0,1,0,71,71,2
B,gate-B,B-gap-5000us-100-pre,B-gap-5000us-100,5000,316,4,1.2658,312,2,-45,0,1,0,6,1256,1258,244,422,1910,True,322,0,2,0,74,73,2
B,gate-B,B-gap-5000us-1000,B-gap-5000us-1000,5000,1116,1,0.0896,1115,0,-41,0,1,0,6,1244,1246,252,421,1901,True,1124,0,1,0,72,72,2
B,gate-B,B-gap-5000us-1000-diag1,B-gap-5000us-1000,5000,1117,51,4.5658,1066,2,-39,0,1,0,6,1245,1247,239,421,1897,True,1075,0,13,1,73,72,2
B,gate-B,B-gap-5000us-1000-diag2,B-gap-5000us-1000,5000,1135,20,1.7621,1115,5,-42,0,1,0,6,1245,1266,240,421,1895,True,1124,0,13,1,71,72,2
B,gate-B,B-gap-5000us-1000-pre,B-gap-5000us-1000,5000,1116,6,0.5376,1110,6,-41,0,1,0,12,1257,1258,244,423,1910,True,1120,0,0,0,71,74,2
Bf20,gate-Bf20,Bf20-gap-150us-10000-i3,Bf20-gap-150us-10000,150,10340,17,0.1644,10323,8,-42,0,1,0,12,1244,1246,240,414,1890,True,10344,2,9,0,71,72,2
Bf20,gate-Bf20,Bf20-gap-150us-10000-i6,Bf20-gap-150us-10000,150,10339,8,0.0774,10331,2,-42,0,1,0,6,1242,1244,240,416,1891,True,10352,2,6,0,71,72,2
Bf29,gate-Bf29,Bf29-gap-150us-10000-i1,Bf29-gap-150us-10000,150,10341,15,0.1451,10326,9,-46,0,1,0,13,1245,1247,239,421,1895,True,10347,2,6,0,66,72,2
Bf29,gate-Bf29,Bf29-gap-150us-10000-i5,Bf29-gap-150us-10000,150,10339,10,0.0967,10329,4,-47,0,1,0,11,1247,1249,239,423,1896,True,10350,2,6,0,66,65,2
Bm,gate-Bm,Bm-gap-150us-10000,Bm-gap-150us-10000,150,10374,29,0.2795,10345,6,-47,0,1,0,6,1252,1253,247,416,1913,True,10368,0,13,0,74,65,2
Bs,gate-Bs,Bs-gap-150us-10000,Bs-gap-150us-10000,150,10340,3,0.029,10337,0,-40,0,1,0,6,1253,1255,237,409,1903,True,10359,2,3,0,67,66,2
Bt,gate-Bt,Bt-gap-150us-10000,Bt-gap-150us-10000,150,10330,18,0.1742,10312,4,-48,0,1,0,5,1256,1258,244,423,1913,True,10333,0,15,0,69,72,2
C,gate-C,C-gap-150us-10000-smoke1,C-gap-150us-10000,150,11151,83,0.7443,11068,18,-44,0,1,27,7,1255,1257,236,421,1901,True,11092,0,67,0,80,72,0
C,gate-C,C-gap-150us-10000-smoke2,C-gap-150us-10000,150,11150,77,0.6906,11073,27,-50,0,1,1,11,1248,1250,227,420,1882,True,11096,0,51,0,72,72,0
C,gate-C,C-gap-150us-45000,C-gap-150us-45000,150,49267,405,0.8221,48862,108,-49,0,1,1,6,1250,1252,227,420,1885,True,48886,0,298,0,72,72,0
B,gateC-interleave,B-gap-150us-10000-i1,B-gap-150us-10000,150,11076,53,0.4785,11023,31,-42,0,1,0,13,1245,1247,239,413,1891,True,11047,0,23,0,77,72,0
B,gateC-interleave,B-gap-150us-10000-i3,B-gap-150us-10000,150,11076,38,0.3431,11038,21,-42,0,1,0,7,1246,1248,232,421,1895,True,11062,0,18,0,77,66,0
B,gateC-interleave,B-gap-150us-10000-i5,B-gap-150us-10000,150,11070,37,0.3342,11033,15,-50,0,1,0,6,1247,1249,239,420,1894,True,11056,0,23,0,82,64,0
C,gateC-interleave,C-gap-150us-10000-i2,C-gap-150us-10000,150,11146,61,0.5473,11085,6,-41,0,1,1,9,1293,1298,243,427,1972,True,11105,0,58,0,75,72,0
C,gateC-interleave,C-gap-150us-10000-i4,C-gap-150us-10000,150,11149,59,0.5292,11090,14,-52,0,1,1,11,1300,1305,244,429,1984,True,11113,0,46,0,71,72,0
C,gateC-interleave,C-gap-150us-10000-i6,C-gap-150us-10000,150,11141,63,0.5655,11078,7,-40,0,1,1,13,1247,1249,227,420,1882,True,11100,0,58,0,71,72,0
B,preC,B-gap-150us-10000-preC1,B-gap-150us-10000,150,11077,21,0.1896,11056,6,-43,0,1,0,10,1244,1246,239,418,1895,True,11080,0,16,0,76,73,0
B,preC,B-gap-150us-10000-preC2,B-gap-150us-10000,150,11039,17,0.154,11022,4,-41,0,1,0,5,1239,1241,240,417,1896,True,11045,0,14,0,74,64,0
