elapsed_s,crc_good,missing,crc_bad,rssi_dbm,max_queue_depth,irq_to_spi_us,spi_duration_us,spi_end_to_rearm_start_us,rx_rearm_us,irq_to_rx_ready_us,rx_t_us,reopens
60.0,20042,827,664,-53,1,6,1243,135,417,1787,60620371,0
120.0,39424,2313,1983,-54,1,6,1247,136,417,1788,120617033,0
180.0,58462,4144,3650,-53,1,12,1242,136,415,1784,180615053,0
240.0,77636,5839,5200,-53,1,6,1250,136,414,1788,240613835,0
300.0,96619,7722,6937,-53,1,6,1245,135,417,1790,300607297,0
360.0,115177,10038,9125,-53,1,5,1246,135,417,1786,360617497,0
420.0,133563,12521,11449,-53,1,6,1244,137,416,1788,420616323,0
480.0,151562,15385,14150,-53,1,6,1246,136,416,1790,480601237,0
540.0,169116,18700,17296,-54,1,6,1245,136,417,1789,540600767,0
600.0,187208,21482,19922,-53,1,6,1245,136,416,1787,600610184,0
660.0,205512,24045,22319,-53,1,13,1246,136,417,1786,660603567,0
720.0,223697,26728,24848,-53,1,6,1245,136,417,1789,720599353,0
780.0,241974,29324,27260,-53,1,5,1244,135,412,1787,780610368,0
840.0,260305,31858,29627,-53,1,6,1247,136,416,1790,840597374,0
900.0,278124,34912,32519,-54,1,6,1247,135,417,1789,900607607,0
960.0,295701,38203,35673,-53,1,6,1246,136,414,1788,960603580,0
1020.0,313152,41621,38938,-53,1,6,1244,137,416,1788,1020602595,0
1080.0,330121,45520,42664,-53,1,6,1246,136,417,1787,1080602234,0
1140.0,346407,50104,47095,-53,1,6,1245,135,417,1786,1140600430,0
1200.0,363336,54044,50903,-54,1,6,1245,135,417,1787,1200599411,0
1260.0,379974,58275,54953,-53,1,6,1246,135,417,1789,1260598386,0
1320.0,395907,63210,59718,-54,1,5,1246,135,417,1788,1320594552,0
1380.0,412187,67798,64170,-54,1,6,1247,136,420,1789,1380590354,0
1440.0,427965,72888,69094,-53,1,6,1245,136,416,1791,1440586475,0
1500.0,443137,78589,74669,-53,1,6,1242,135,415,1786,1500596899,0
1560.0,458501,84093,79994,-53,1,6,1244,135,417,1788,1560592904,0
1620.0,473765,89696,85430,-53,1,5,1245,135,417,1787,1620589500,0
1680.0,488922,95407,90963,-54,1,12,1245,137,416,1784,1680583206,0
1740.0,504786,100416,95802,-53,1,12,1245,136,416,1787,1740593256,0
1800.0,520987,105084,100340,-53,1,6,1245,133,416,1787,1800594287,0
1860.0,537240,109696,104849,-54,1,6,1246,135,416,1787,1860578899,0
1920.0,553724,114085,109132,-54,1,6,1246,135,419,1789,1920589269,0
1980.0,570501,118177,113045,-53,1,6,1246,136,417,1790,1980588230,0
2040.0,587156,122390,117148,-55,1,6,1244,136,416,1787,2040584223,0
2100.0,603473,126942,121576,-54,1,6,1246,136,415,1786,2100584169,0
2160.0,619823,131460,125963,-54,1,11,1246,137,417,1785,2160579187,0
2220.0,635551,136600,130939,-54,1,12,1245,136,417,1788,2220575438,0
2280.0,650900,142120,136307,-55,1,6,1247,136,417,1788,2280574917,0
2340.0,666513,147374,141413,-53,1,6,1244,134,417,1787,2340571094,0
2400.0,681969,152792,146673,-53,1,6,1246,135,417,1788,2400581075,0
2460.0,696653,158976,152709,-53,1,6,1249,135,417,1789,2460576780,0
2520.0,711951,164546,158107,-55,1,6,1247,136,416,1790,2520572870,0
2580.0,727093,170272,163668,-53,1,6,1247,136,417,1789,2580568993,0
2640.0,741611,176627,169845,-53,1,6,1246,135,422,1790,2640579362,0
2700.0,757246,181860,174938,-54,1,6,1247,135,415,1786,2700575453,0
2761.6,772861,187665,180584,-53,1,6,1246,136,415,1787,2762161720,1
2820.0,787210,193630,186408,-54,1,5,1245,136,416,1785,2820562098,1
2880.0,802568,199145,191749,-54,1,8,1245,136,417,1785,2880575173,1
2940.0,817847,204735,197158,-54,1,13,1246,136,417,1788,2940571304,1
3000.0,832739,210710,202979,-54,1,6,1248,136,417,1790,3000565374,1
3060.0,848266,216051,208169,-54,1,6,1246,135,417,1789,3060560397,1
3120.0,863771,221414,213361,-53,1,6,1247,135,416,1788,3120556401,1
3180.0,878728,227331,219122,-54,1,6,1251,135,416,1793,3180569747,1
3240.0,893969,232957,224588,-53,1,6,1246,136,415,1788,3240563069,1
3300.0,909248,238546,229992,-54,1,6,1245,136,416,1786,3300559091,1
3360.0,924318,244343,235629,-54,1,6,1245,135,417,1787,3360555021,1
3420.0,939291,250239,241382,-54,1,5,1247,136,416,1790,3420551130,1
3480.0,954482,255921,246899,-53,1,6,1247,136,417,1787,3480561530,1
3540.0,969453,261818,252655,-54,1,6,1242,134,414,1787,3540557583,1
3600.0,984181,267959,258644,-53,1,8,1245,140,416,1789,3600556577,1
3660.0,999678,273330,263865,-53,1,6,1247,136,416,1789,3660552644,1
3720.0,1015852,278023,268473,-53,1,6,1246,136,417,1787,3720546638,1
3780.0,1031786,282962,273314,-54,1,6,1247,136,417,1788,3780557219,1
3840.0,1048278,287338,277575,-53,1,6,1246,136,417,1789,3840552788,1
3900.0,1064684,291799,281914,-53,1,12,1245,136,417,1787,3900548937,1
3960.0,1080941,296410,286397,-53,1,6,1245,135,417,1787,3960544270,1
4020.0,1096895,301328,291185,-53,1,6,1245,136,416,1787,4020555507,1
4080.0,1113439,305654,295393,-53,1,11,1246,137,416,1788,4080550820,1
4140.0,1130284,309677,299275,-53,1,6,1246,135,417,1789,4140546856,1
4200.0,1147339,313489,302910,-53,1,6,1249,136,416,1786,4200542710,1
4260.0,1164312,317386,306644,-53,1,6,1249,135,417,1790,4260541751,1
4320.0,1181339,321226,310346,-53,1,6,1248,136,417,1789,25568701,1
4380.0,1198489,324949,313923,-53,1,6,1245,135,416,1785,85578271,1
4440.0,1215501,328806,317649,-53,1,6,1246,136,416,1787,145576831,1
4500.0,1232435,332739,321460,-53,1,6,1245,133,416,1785,205572788,1
4560.0,1249515,336528,325113,-53,1,6,1243,136,414,1786,265568894,1
4620.0,1266738,340173,328614,-54,1,11,1243,137,417,1785,325565012,1
4680.0,1283717,344067,332383,-53,1,5,1245,135,417,1789,385578237,1
4740.0,1300753,347900,336079,-53,1,6,1244,135,416,1785,445574422,1
4800.0,1318093,351428,339472,-52,1,6,1247,135,417,1790,505570335,1
4860.0,1335348,355041,342927,-53,1,5,1247,136,417,1789,565567310,1
4920.0,1352569,358689,346438,-53,1,6,1246,135,415,1787,625565300,1
4980.0,1369882,362244,349835,-53,1,8,1243,136,416,1786,685561274,1
5040.0,1387229,365765,353234,-52,1,13,1245,135,417,1789,745557381,1
5100.0,1404208,369659,356974,-53,1,5,1245,136,416,1786,805568751,1
5160.0,1421411,373324,360479,-53,1,5,1245,135,417,1787,865563850,1
5220.0,1438703,376902,363931,-53,1,12,1246,136,417,1788,925565626,1
5280.0,1455987,380485,367378,-53,1,5,1243,133,416,1786,985558793,1
5340.0,1473444,383895,370631,-53,1,6,1246,136,416,1789,1045552564,1
5400.0,1490749,387463,374063,-53,1,6,1245,135,417,1787,1105565006,1
5460.0,1508170,390911,377378,-53,1,6,1245,136,417,1786,1165562140,1
5520.0,1526041,393908,380254,-52,1,5,1246,135,417,1788,1225557080,1
5580.0,1543665,397151,383352,-54,1,12,1245,136,417,1787,1285553417,1
5640.0,1561333,400352,386399,-54,1,6,1244,134,418,1785,1345549178,1
5700.0,1579362,403195,389117,-53,1,8,1243,136,416,1788,1405559507,1
5760.0,1597637,405789,391580,-53,1,13,1244,136,417,1789,1465558514,1
5820.0,1615372,408920,394563,-54,1,6,1246,135,417,1788,1525545975,1
5880.0,1633052,412109,397597,-53,1,6,1246,135,416,1788,1585544970,1
5940.0,1650872,415157,400475,-54,1,6,1247,136,417,1790,1645543687,1
6000.0,1668568,418335,403488,-53,1,6,1242,136,416,1787,1705554492,1
6060.0,1686300,421471,406494,-53,1,5,1244,137,413,1786,1765550406,1
6120.0,1704361,424278,409148,-53,1,13,1245,136,417,1788,1825546390,1
6180.0,1722360,427147,411840,-53,1,6,1246,134,417,1786,1885543326,1
6241.6,1740708,430221,414759,-53,1,6,1244,135,417,1787,1947131139,2
6300.0,1758313,432935,417329,-53,1,6,1246,136,417,1786,2005549544,2
6360.0,1776602,435514,419775,-53,1,6,1246,136,416,1790,2065544699,2
6420.0,1794326,438658,422797,-53,1,6,1247,136,417,1790,2125540803,2
6480.0,1812346,441506,425507,-53,1,5,1244,135,416,1785,2185536784,2
6540.0,1830162,444559,428443,-53,1,6,1246,136,414,1788,2245535784,2
6600.0,1847721,447868,431630,-53,1,6,1243,136,416,1786,2305531772,2
6660.0,1865273,451189,434822,-53,1,6,1246,137,416,1787,2365542992,2
6720.0,1882427,454903,438417,-53,1,5,1246,136,416,1787,2425539048,2
6780.0,1899260,458938,442348,-53,1,6,1246,135,416,1787,2485535307,2
6840.0,1915895,463171,446442,-53,1,5,1246,135,416,1786,2545530435,2
6900.0,1932514,467426,450572,-53,1,6,1246,136,416,1788,2605543687,2
6960.0,1948890,471918,454944,-53,1,6,1246,136,417,1786,2665540246,2
7020.0,1965278,476399,459266,-53,1,6,1246,136,417,1788,2725538720,2
7080.0,1981782,480763,463499,-53,1,6,1246,136,417,1788,2785534840,2
7141.6,1998159,485808,468427,-52,1,11,1244,136,417,1789,2847123822,3
7200.0,2013465,490815,473293,-53,1,6,1246,135,422,1790,2905524204,3
7260.0,2028912,496242,478588,-58,1,5,1247,136,416,1790,2965537609,3
7320.0,2042159,503863,486198,-44,1,6,1242,135,416,1786,3025533659,3
7380.0,2056316,510574,492900,-45,1,6,1246,136,416,1788,3085529800,3
7440.0,2076462,511295,493619,-44,1,6,1246,135,417,1789,3145523985,3
7500.0,2097281,511344,493667,-46,1,5,1247,136,416,1788,3205519526,3
7560.0,2118142,511353,493675,-46,1,6,1245,135,416,1788,3265520706,3
7620.0,2139008,511356,493676,-44,1,6,1245,136,417,1789,3325519601,3
7680.0,2159879,511358,493676,-44,1,12,1245,136,417,1786,3385530128,3
7740.0,2180712,511393,493691,-44,1,11,1245,136,416,1787,3445526205,3
7800.0,2201577,511397,493692,-46,1,6,1244,136,413,1785,3505524909,3
7860.0,2222445,511398,493692,-44,1,6,1245,136,416,1789,3565523930,3
7920.0,2243302,511409,493700,-44,1,6,1246,136,417,1788,3625519822,3
7980.0,2264155,511424,493702,-45,1,6,1245,135,416,1788,3685516516,3
8040.0,2285013,511435,493708,-44,1,6,1245,135,417,1789,3745514746,3
8100.0,2305875,511442,493712,-44,1,5,1246,135,417,1787,3805513705,3
8160.0,2326742,511443,493712,-44,1,5,1245,136,413,1786,3865509971,3
8220.0,2347610,511444,493712,-45,1,6,1250,136,416,1790,3925508569,3
8280.0,2368474,511450,493716,-45,1,6,1247,136,417,1789,3985511385,3
8340.0,2389331,511466,493727,-45,1,6,1245,136,416,1787,4045520706,3
8400.0,2410189,511476,493733,-44,1,13,1246,136,417,1788,4105516747,3
8460.0,2431049,511485,493740,-44,1,8,1242,136,416,1787,4165515954,3
8520.0,2451917,511486,493740,-45,1,6,1250,135,417,1789,4225514534,3
8580.0,2472782,511488,493741,-45,1,6,1248,136,416,1791,4285508777,3
8640.0,2493648,511490,493741,-45,1,6,1247,135,417,1790,50536749,3
8700.0,2514513,511494,493741,-45,1,5,1249,136,416,1789,110535325,3
8760.0,2535378,511498,493744,-45,1,12,1249,136,417,1790,170534226,3
8820.0,2556244,511505,493745,-44,1,6,1245,136,416,1788,230544542,3
8880.0,2577108,511509,493745,-44,1,6,1247,136,416,1791,290540518,3
8940.0,2597965,511520,493749,-44,1,6,1245,137,416,1785,350536707,3
9000.0,2618822,511531,493751,-45,1,6,1245,136,415,1788,410532946,3
9060.0,2639675,511547,493756,-43,1,6,1245,135,417,1787,470531453,3
9120.0,2660530,511560,493762,-45,1,13,1244,137,417,1788,530527459,3
9180.0,2681400,511564,493763,-45,1,5,1245,136,413,1788,590540740,3
9240.0,2702267,511565,493763,-44,1,6,1247,136,416,1789,650536754,3
9300.0,2723131,511570,493765,-44,1,5,1246,135,417,1788,710535776,3
9360.0,2743992,511577,493767,-45,1,6,1245,135,416,1788,770532674,3
9420.0,2764858,511579,493767,-45,1,13,1246,136,417,1790,830527834,3
9480.0,2785725,511580,493767,-45,1,8,1242,136,415,1788,890523848,3
9540.0,2806596,511582,493768,-44,1,6,1247,136,413,1786,950534445,3
9600.0,2827463,511583,493768,-43,1,6,1246,136,416,1787,1010530583,3
9660.0,2848324,511591,493771,-46,1,6,1247,136,417,1790,1070529037,3
9720.0,2869183,511600,493772,-46,1,6,1246,136,415,1786,1130525116,3
9780.0,2890037,511615,493773,-45,1,11,1245,136,417,1787,1190524268,3
9840.0,2910904,511616,493773,-45,1,6,1243,136,416,1785,1250520984,3
9900.0,2931771,511618,493774,-46,1,6,1242,134,413,1784,1310519695,3
9960.0,2952636,511622,493776,-45,1,6,1248,136,416,1790,1370517900,3
10020.0,2973503,511623,493776,-46,1,6,1248,136,417,1790,1430514569,3
10080.0,2994368,511632,493780,-46,1,6,1245,136,416,1791,1490527196,3
10140.0,3015224,511643,493782,-45,1,12,1244,137,417,1786,1550520568,3
10200.0,3036074,511661,493785,-46,1,6,1243,136,413,1787,1610516358,3
10260.0,3056937,511668,493785,-45,1,5,1249,136,415,1791,1670518131,3
10320.0,3077794,511679,493785,-46,1,6,1247,135,417,1790,1730514203,3
10380.0,3098659,511687,493786,-46,1,6,1244,135,417,1789,1790524561,3
10440.0,3119515,511699,493791,-45,1,14,1245,135,417,1789,1850521506,3
10500.0,3140375,511709,493792,-46,1,8,1242,137,412,1788,1910522332,3
10560.0,3161234,511719,493797,-45,1,6,1243,135,413,1787,1970522002,3
10620.0,3182070,511751,493803,-46,1,5,1247,136,416,1787,2030517277,3
10680.0,3202928,511761,493808,-46,1,6,1246,136,416,1788,2090513419,3
10740.0,3223765,511792,493819,-45,1,6,1246,135,416,1787,2150509446,3
10800.0,3244628,511798,493820,-44,1,5,1248,136,417,1788,2210508333,3
